[
    {
        "id": 1,
        "primeiroNome": "Joao",
        "ultimoNome": "Alexandre",
        "dataNascimento": "14/09/2016"
    },
    {
        "id": 2,
        "primeiroNome": "Miguel",
        "ultimoNome": "Silva",
        "dataNascimento": "23/03/2010"
    },
    {
        "id": 3,
        "primeiroNome": "Ana",
        "ultimoNome": "Fernandes",
        "dataNascimento": "12/08/2012"
    },
    {
        "id": 4,
        "primeiroNome": "Rafael",
        "ultimoNome": "Sousa",
        "dataNascimento": "05/11/2011"
    },
    {
        "id": 5,
        "primeiroNome": "Mariana",
        "ultimoNome": "Pereira",
        "dataNascimento": "28/04/2015"
    },
    {
        "id": 6,
        "primeiroNome": "Diogo",
        "ultimoNome": "Costa",
        "dataNascimento": "15/02/2009"
    },
    {
        "id": 7,
        "primeiroNome": "Inês",
        "ultimoNome": "Rodrigues",
        "dataNascimento": "30/06/2013"
    },
    {
        "id": 8,
        "primeiroNome": "Tiago",
        "ultimoNome": "Martins",
        "dataNascimento": "09/12/2008"
    },
    {
        "id": 9,
        "primeiroNome": "Beatriz",
        "ultimoNome": "Lopes",
        "dataNascimento": "21/07/2014"
    },
    {
        "id": 10,
        "primeiroNome": "Gonçalo",
        "ultimoNome": "Almeida",
        "dataNascimento": "17/03/2017"
    },
    {
        "id": 11,
        "primeiroNome": "Leonor",
        "ultimoNome": "Nunes",
        "dataNascimento": "02/01/2018"
    }
]
