[
    {
        "id": 1,
        "data": "14/03/2024",
        "crianca_id": 1,
        "pediatra_id": 1,
        "preco": "32"
    },
    {
        "id": 2,
        "data": "18/01/2024",
        "crianca_id": 2,
        "pediatra_id": 2,
        "preco": "23"
    },
    {
        "id": 3,
        "data": "15/05/2024",
        "crianca_id": 3,
        "pediatra_id": 3,
        "preco": "12"
    },
    {
        "id": 4,
        "data": "5/05/2024",
        "crianca_id": 4,
        "pediatra_id": 4,
        "preco": "34"
    },
    {
        "id": 5,
        "data": "02/04/2024",
        "crianca_id": 5,
        "pediatra_id": 5,
        "preco": "51"
    },
    {
        "id": 6,
        "data": "02/12/2024",
        "crianca_id": 6,
        "pediatra_id": 6,
        "preco": "32"
    }
]